{
  "temperature": 2,
  "downfall": 0,
  "has_precipitation": true,
  "effects": {
    "sky_color": 8756735,
    "fog_color": 12638463,
    "water_color": 6062520,
    "water_fog_color": 11382189,
    "grass_color": 7039851,
    "foliage_color": 5658198,
    "mood_sound": {
      "block_search_extent": 8,
      "offset": 2.0,
      "sound": "minecraft:ambient.cave",
      "tick_delay": 6000
    },
    "particle": {
      "options": {
        "type": "minecraft:crimson_spore"
      },
      "probability": 0.01
    },
	"music": []
  },
  "spawners": {},
  "spawn_costs": {},
  "carvers": [],
  "features": []
}