{
  "temperature": 2,
  "downfall": 0,
  "has_precipitation": false,
  "effects": {
    "sky_color": 12171705,
    "fog_color": 6840176,
    "water_color": 4159204,
    "water_fog_color": 329011,
    "grass_color": 8302997,
    "foliage_color": 8302997,
    "ambient_sound": "minecraft:ambient.soul_sand_valley.loop",
    "mood_sound": {
      "sound": "minecraft:ambient.soul_sand_valley.mood",
      "tick_delay": 6000,
      "block_search_extent": 8,
      "offset": 2
    },
    "additions_sound": {
      "sound": "minecraft:ambient.soul_sand_valley.additions",
      "tick_chance": 0.0111
    },
    "music": [],
    "particle": {
      "options": {
        "type": "minecraft:white_ash"
      },
      "probability": 0.07
    },
	"music": []
  },
  "spawners": {},
  "spawn_costs": {},
  "carvers": [],
  "features": []
}