{
  "temperature": 0.8,
  "downfall": 0.4,
  "has_precipitation": false,
  "effects": {
    "sky_color": 0,
    "fog_color": 0,
    "water_color": 4159204,
    "water_fog_color": 329011,
    "grass_color": 11271,
    "foliage_color": 8302997,
    "mood_sound": {
      "block_search_extent": 8,
      "offset": 2.0,
      "sound": "minecraft:ambient.cave",
      "tick_delay": 6000
    },
	"music": [],
    "ambient_sound": "minecraft:ambient.soul_sand_valley.loop"
  },
  "spawners": {},
  "spawn_costs": {},
  "carvers": [],
  "features": []
}